{
    "Dice": [
        0.6539633870124817,
        0.9041900634765625,
        0.8477798104286194,
        0.7059450745582581,
        0.7777935266494751,
        0.839562714099884,
        0.3770916759967804,
        0.7984156012535095,
        0.7510804533958435,
        0.6922626495361328,
        0.8485416173934937,
        0.7728342413902283,
        0.8491410613059998,
        0.4109044671058655,
        0.7980144619941711,
        0.7975206971168518,
        0.865352213382721,
        0.4242945909500122,
        0.662746787071228,
        0.6591672301292419,
        0.8767695426940918,
        0.7860198616981506,
        0.7439872026443481,
        0.642702043056488,
        0.8000859022140503,
        0.6946228742599487,
        0.7329889535903931,
        0.6974170207977295,
        0.857866644859314,
        0.6927098035812378,
        0.8854578137397766,
        0.7297622561454773,
        0.45854452252388,
        0.48173990845680237,
        0.7854591012001038,
        0.3146388530731201,
        0.7499582767486572,
        0.7516885995864868,
        0.590684175491333,
        0.5139361619949341,
        0.806052029132843,
        0.7419613599777222,
        0.8404453992843628,
        0.588028609752655,
        0.7959129214286804,
        0.7920351624488831,
        0.844906210899353,
        0.7965577840805054,
        0.5879155397415161,
        0.6238201260566711,
        0.653350830078125,
        0.7011837959289551,
        0.7974754571914673,
        0.707467257976532,
        0.7828283905982971,
        0.8367792963981628,
        0.22764801979064941,
        0.8196497559547424,
        0.7755274176597595,
        0.7102841734886169,
        0.3130909502506256,
        0.8649799823760986,
        0.5795926451683044,
        0.5669392347335815,
        0.5293567776679993,
        0.7232571840286255,
        0.722034752368927,
        0.552304744720459,
        0.7497438788414001,
        0.6464754939079285,
        0.6600852608680725,
        0.8123084902763367,
        0.8175918459892273,
        0.7638120055198669,
        0.8069007992744446,
        0.783440351486206,
        0.8430404663085938,
        0.7418729066848755,
        0.8701192140579224,
        0.8641499280929565
    ],
    "Haus": [
        6.0,
        9.0,
        27.29,
        44.1,
        4.0,
        95.38,
        81.74,
        5.0,
        7.0,
        21.0,
        5.0,
        29.12,
        5.1,
        68.45,
        3.16,
        5.66,
        4.12,
        59.91,
        15.3,
        5.83,
        7.0,
        6.71,
        6.71,
        8.0,
        14.14,
        10.3,
        3.0,
        5.83,
        8.54,
        11.05,
        24.19,
        11.18,
        37.34,
        35.47,
        5.83,
        72.09,
        6.08,
        10.2,
        31.11,
        9.22,
        4.47,
        6.08,
        3.16,
        12.53,
        5.0,
        32.65,
        3.61,
        4.0,
        52.33,
        13.34,
        20.0,
        13.45,
        4.0,
        12.17,
        8.25,
        5.0,
        77.88,
        4.24,
        13.0,
        75.03,
        13.0,
        13.0,
        17.49,
        24.41,
        5.39,
        8.54,
        22.56,
        10.0,
        8.06,
        5.0,
        14.14,
        22.36,
        5.0,
        8.94,
        5.0,
        7.28,
        4.0,
        9.9
    ],
    "Time": [
        0.017999649047851562,
        0.01899862289428711,
        0.0190279483795166,
        0.02000284194946289,
        0.01999831199645996,
        0.019008398056030273,
        0.01999974250793457,
        0.017999649047851562,
        0.020998716354370117,
        0.021000385284423828,
        0.02100086212158203,
        0.023000717163085938,
        0.02098560333251953,
        0.018999814987182617,
        0.017999887466430664,
        0.020000696182250977,
        0.01998591423034668,
        0.01999640464782715,
        0.018948793411254883,
        0.020999908447265625,
        0.019001007080078125,
        0.020001649856567383,
        0.02099776268005371,
        0.02000284194946289,
        0.028011798858642578,
        0.024001121520996094,
        0.022498369216918945,
        0.023998260498046875,
        0.01900005340576172,
        0.018999814987182617,
        0.02000117301940918,
        0.01999974250793457,
        0.019999980926513672,
        0.019999980926513672,
        0.020002126693725586,
        0.018999338150024414,
        0.01900315284729004,
        0.016999244689941406,
        0.01900029182434082,
        0.020000457763671875,
        0.018999814987182617,
        0.01798868179321289,
        0.01999974250793457,
        0.01999974250793457,
        0.017995119094848633,
        0.018999576568603516,
        0.022002458572387695,
        0.019001483917236328,
        0.019986391067504883,
        0.01999950408935547,
        0.01900005340576172,
        0.01999950408935547,
        0.018985271453857422,
        0.021001338958740234,
        0.019987106323242188,
        0.019999980926513672,
        0.021001100540161133,
        0.02100086212158203,
        0.018999576568603516,
        0.02099299430847168,
        0.02201533317565918,
        0.020005464553833008,
        0.018001556396484375,
        0.02003765106201172,
        0.02099919319152832,
        0.02100062370300293,
        0.02003026008605957,
        0.019999980926513672,
        0.019002199172973633,
        0.020000219345092773,
        0.018027305603027344,
        0.02199244499206543,
        0.019003868103027344,
        0.02100348472595215,
        0.020000457763671875,
        0.02000260353088379,
        0.0200040340423584,
        0.01800084114074707,
        0.020009279251098633,
        0.018996477127075195,
        0.018999814987182617,
        0.020000696182250977,
        0.0190126895904541,
        0.021999359130859375,
        0.018999814987182617
    ]
}